Name;Count;Path
AtendimentoService;1;C:\workspace\microsservico-atendimento\atendimento-service\src\main\java\br\com\tonypool\atendimento\service\AtendimentoService.java
ClienteAdminUpdater;1;C:\workspace\microsservico-atendimento\auth-service\src\main\java\br\com\tonypool\auth\helpers\ClienteAdminUpdater.java
ClienteConsultaService;1;C:\workspace\microsservico-atendimento\cliente-service\src\main\java\br\com\tonypool\cliente\service\ClienteConsultaService.java
CriarContaController;1;C:\workspace\microsservico-atendimento\auth-service\src\main\java\br\com\tonypool\auth\controller\CriarContaController.java
EnderecoConsumer;1;C:\workspace\microsservico-atendimento\cliente-service\src\main\java\br\com\tonypool\cliente\service\EnderecoConsumer.java
EnderecoController;1;C:\workspace\microsservico-atendimento\cliente-service\src\main\java\br\com\tonypool\cliente\controller\EnderecoController.java
FeignClientAuthInterceptor;1;C:\workspace\microsservico-atendimento\cliente-service\src\main\java\br\com\tonypool\cliente\config\FeignClientAuthInterceptor.java
KafkaConsumerConfig;1;C:\workspace\microsservico-atendimento\cliente-service\src\main\java\br\com\tonypool\cliente\config\KafkaConsumerConfig.java
MailConfig;1;C:\workspace\microsservico-atendimento\auth-service\src\main\java\br\com\tonypool\auth\config\MailConfig.java
PerfilSeeder;1;C:\workspace\microsservico-atendimento\auth-service\src\main\java\br\com\tonypool\auth\helpers\PerfilSeeder.java
ProfissionaisController;1;C:\workspace\microsservico-atendimento\atendimento-service\src\main\java\br\com\tonypool\atendimento\controller\ProfissionaisController.java
ProfissionalPostRequest;1;C:\workspace\microsservico-atendimento\atendimento-service\src\main\java\br\com\tonypool\atendimento\requests\ProfissionalPostRequest.java
SecurityConfig;1;C:\workspace\microsservico-atendimento\auth-service\src\main\java\br\com\tonypool\auth\security\SecurityConfig.java
ServicosController;1;C:\workspace\microsservico-atendimento\atendimento-service\src\main\java\br\com\tonypool\atendimento\controller\ServicosController.java
TwoFactorController;1;C:\workspace\microsservico-atendimento\auth-service\src\main\java\br\com\tonypool\auth\controller\TwoFactorController.java
VincularProfissionaisRequest;1;C:\workspace\microsservico-atendimento\atendimento-service\src\main\java\br\com\tonypool\atendimento\requests\VincularProfissionaisRequest.java
